{
	code: "blockomok",
	class: "blockomoktabletop",
	entityClass: "beomoktabletop",
	shape: { base: "block/omoktabletop" },
	creativeinventory: { "general": ["*"], "decorative": ["*"] },
	replaceable: 5001,
	resistance: 0.5,
	lightAbsorption: 0,
	sidesolid: {
		all: false,
	},
	sideopaque: {
		all: false
	},
	combustibleProps: {
		burnTemperature: 600,
		burnDuration: 6,
	},
	sounds: {
		"place": "game:block/planks",
		"hit": "game:block/planks",
		"break": "game:block/planks",
		"walk": "game:walk/wood"
	},
	collisionbox: {
		x1: 0.0625, y1: 0, z1: 0.0625, x2: 0.9375, y2: 0.125, z2: 0.9375
	},
	selectionbox: {
		x1: 0.0625, y1: 0, z1: 0.0625, x2: 0.9375, y2: 0.125, z2: 0.9375
	},
	materialDensity: 600,
	guiTransform: {
		origin: { x: 0.5, y: 0.125, z: 0.5 },
		scale: 1.3
	},
	tpHandTransform: {
		translation: { x: -1.3, y: -0.2, z: -1.12 },
		rotation: { x: -81, y: 0, z: 0 },
		origin: { x: 0.5, y: 0.1, z: 0.5 },
		scale: 0.4
	}
}