{
    "textures": {
        "0": "block/wood/omoktabletop/top",
        "1": "block/wood/omoktabletop/topbottom"
    },
    "elements": [
        {
            "name": "Cube",
            "from": [ 1.0, 0.0, 1.0 ], 
            "to": [ 15.0, 2.0, 15.0 ], 
            "faces": {
                "north": { "texture": "#0", "uv": [ 1.0, 0.0, 15.0, 2.0 ] },
                "east": { "texture": "#0", "uv": [ 1.0, 0.0, 15.0, 2.0 ] },
                "south": { "texture": "#0", "uv": [ 1.0, 0.0, 15.0, 2.0 ] },
                "west": { "texture": "#0", "uv": [ 1.0, 0.0, 15.0, 2.0 ] },
                "up": { "texture": "#0", "uv": [ 1.0, 2.0, 15.0, 16.0 ] },
                "down": { "texture": "#1", "uv": [ 1.0, 1.0, 15.0, 15.0 ] }
            }
        }
    ]
}